{
  "jobList": {
    "1": { "time": 5, "size": 5760, "status": "new", "waitTime": 0, "completionTime": 0 },
    "2": { "time": 4, "size": 4190, "status": "new", "waitTime": 0, "completionTime": 0 },
    "3": { "time": 8, "size": 3290, "status": "new", "waitTime": 0, "completionTime": 0 },
    "4": { "time": 2, "size": 2030, "status": "new", "waitTime": 0, "completionTime": 0 },
    "5": { "time": 2, "size": 2550, "status": "new", "waitTime": 0, "completionTime": 0 },
    "6": { "time": 6, "size": 6990, "status": "new", "waitTime": 0, "completionTime": 0 },
    "7": { "time": 8, "size": 8940, "status": "new", "waitTime": 0, "completionTime": 0 },
    "8": { "time": 10, "size": 740, "status": "new", "waitTime": 0, "completionTime": 0 },
    "9": { "time": 7, "size": 3930, "status": "new", "waitTime": 0, "completionTime": 0 },
    "10": { "time": 6, "size": 6890, "status": "new", "waitTime": 0, "completionTime": 0 },
    "11": { "time": 5, "size": 6580, "status": "new", "waitTime": 0, "completionTime": 0 },
    "12": { "time": 8, "size": 3820, "status": "new", "waitTime": 0, "completionTime": 0 },
    "13": { "time": 9, "size": 9140, "status": "new", "waitTime": 0, "completionTime": 0 },
    "14": { "time": 10, "size": 420, "status": "new", "waitTime": 0, "completionTime": 0 },
    "15": { "time": 10, "size": 220, "status": "new", "waitTime": 0, "completionTime": 0 },
    "16": { "time": 7, "size": 7540, "status": "new", "waitTime": 0, "completionTime": 0 },
    "17": { "time": 3, "size": 3210, "status": "new", "waitTime": 0, "completionTime": 0 },
    "18": { "time": 1, "size": 1380, "status": "new", "waitTime": 0, "completionTime": 0 },
    "19": { "time": 9, "size": 9850, "status": "new", "waitTime": 0, "completionTime": 0 },
    "20": { "time": 3, "size": 3610, "status": "new", "waitTime": 0, "completionTime": 0 },
    "21": { "time": 7, "size": 7540, "status": "new", "waitTime": 0, "completionTime": 0 },
    "22": { "time": 2, "size": 2710, "status": "new", "waitTime": 0, "completionTime": 0 },
    "23": { "time": 8, "size": 8390, "status": "new", "waitTime": 0, "completionTime": 0 },
    "24": { "time": 5, "size": 5950, "status": "new", "waitTime": 0, "completionTime": 0 },
    "25": { "time": 10, "size": 760, "status": "new", "waitTime": 0, "completionTime": 0 }
  },
  "memoryList": {
    "1": { "size": 9500, "status": "empty" },
    "2": { "size": 7000, "status": "empty" },
    "3": { "size": 4500, "status": "empty" },
    "4": { "size": 8500 , "status": "empty" },
    "5": { "size": 3000 , "status": "empty" },
    "6": { "size": 9000 , "status": "empty" },
    "7": { "size": 1000 , "status": "empty" },
    "8": { "size": 5500 , "status": "empty" },
    "9": { "size": 1500 , "status": "empty" },
    "10": { "size": 500 , "status": "empty" }
  }
}